<?xml version="1.0" encoding="UTF-8" ?>
<!DOCTYPE configuration>
<configuration>

    <property name="encoder_pattern"
              value="[%d{yyyy-MM-dd HH:mm:ss.SSS}] [%thread] [%X{traceId}] [%5level] [%logger{36}:%line]: %msg%n"/>

    <appender name="console" class="ch.qos.logback.core.ConsoleAppender">
        <filter class="ch.qos.logback.classic.filter.ThresholdFilter">
            <level>INFO</level>
        </filter>
        <encoder charset="utf-8">
            <pattern>${encoder_pattern}</pattern>
        </encoder>
    </appender>

    <appender name="rollingFile" class="ch.qos.logback.core.rolling.RollingFileAppender">
        <filter class="ch.qos.logback.classic.filter.ThresholdFilter">
            <level>INFO</level>
        </filter>
        <rollingPolicy class="ch.qos.logback.core.rolling.SizeAndTimeBasedRollingPolicy">
            <fileNamePattern>@yqs.saas.gateway.log.dir@/gateway.%d{yyyyMMdd}.%i.log</fileNamePattern>
            <maxFileSize>100MB</maxFileSize> <!--日志大小-->
            <maxHistory>90</maxHistory> <!--日志文件保留天数-->
        </rollingPolicy>
        <encoder charset="utf-8">
            <pattern>${encoder_pattern}</pattern>
        </encoder>
    </appender>

    <root level="INFO">
        <appender-ref ref="console"/>
        <appender-ref ref="rollingFile"/>
    </root>
</configuration>
